{
  "todos": [],
  "pages": [
    {
      "id": 0,
      "name": "General"
    }
  ],
  "current_page_id": 0,
  "count": 0,
  "completedCount": 0,
  "showCompleted": true,
  "showBackground": true,
  "isExpanded": false,
  "useCustomColors": false,
  "priorityColors": {
    "high": {
      "r": 0.729411780834198,
      "g": 0.10196078568696976,
      "b": 0.10196078568696976,
      "a": 1,
      "hsvHue": 0,
      "hsvSaturation": 0.8602120876312256,
      "hsvValue": 0.729411780834198,
      "hslHue": 0,
      "hslSaturation": 0.7547112107276917,
      "hslLightness": 0.4156862795352936,
      "valid": true
    },
    "medium": {
      "r": 0.3137255012989044,
      "g": 0.33725491166114807,
      "b": 0.6627451181411743,
      "a": 1,
      "hsvHue": 0.6554444432258606,
      "hsvSaturation": 0.5266346335411072,
      "hsvValue": 0.6627451181411743,
      "hslHue": 0.6554444432258606,
      "hslSaturation": 0.35742732882499695,
      "hslLightness": 0.4882429242134094,
      "valid": true
    },
    "low": {
      "r": 0.27450981736183167,
      "g": 0.27450981736183167,
      "b": 0.30980393290519714,
      "a": 1,
      "hsvHue": 0.6666666865348816,
      "hsvSaturation": 0.11392385512590408,
      "hsvValue": 0.30980393290519714,
      "hslHue": 0.6666666865348816,
      "hslSaturation": 0.06039520725607872,
      "hslLightness": 0.29216450452804565,
      "valid": true
    }
  },
  "exportPath": "~/Documents",
  "exportFormat": "markdown",
  "exportEmptySections": false
}
